provider,model_id,prompt_id,n,schema_present_accuracy,primary_schema_accuracy,literal_metaphorical_accuracy,control_accuracy,control_false_positive_schema_rate,non_control_lm_accuracy
anthropic,claude_sonnet_4_6,p_direct_schema_v1,600,0.685,0.61,0.685,0.045454545454545456,0.9545454545454546,1.0
anthropic,claude_sonnet_4_6,p_direct_schema_v2_abstention,600,0.9216666666666666,0.8583333333333333,0.9216666666666666,0.7626262626262627,0.23737373737373738,1.0
anthropic,claude_sonnet_4_6,p_structured_roles_v1,600,0.9116666666666666,0.8066666666666666,0.9116666666666666,0.7323232323232324,0.2676767676767677,1.0
anthropic,claude_sonnet_4_6,p_structured_roles_v2_abstention,600,0.9083333333333333,0.8133333333333334,0.9033333333333333,0.7222222222222222,0.2777777777777778,0.9925373134328358
google,gemini_2_5_flash,p_direct_schema_v1,600,0.7683333333333333,0.705,0.7683333333333333,0.29797979797979796,0.702020202020202,1.0
google,gemini_2_5_flash,p_direct_schema_v2_abstention,600,0.8716666666666667,0.8116666666666666,0.8716666666666667,0.6111111111111112,0.3888888888888889,1.0
google,gemini_2_5_flash,p_structured_roles_v1,600,0.8266666666666667,0.7283333333333334,0.8266666666666667,0.47474747474747475,0.5252525252525253,1.0
google,gemini_2_5_flash,p_structured_roles_v2_abstention,600,0.885,0.8016666666666666,0.885,0.6515151515151515,0.3484848484848485,1.0
openai,openai_gpt_5_4_mini,p_direct_schema_v1,600,0.9716666666666667,0.8433333333333334,0.97,0.9141414141414141,0.08585858585858586,0.9975124378109452
openai,openai_gpt_5_4_mini,p_direct_schema_v2_abstention,600,0.9883333333333333,0.9083333333333333,0.9883333333333333,0.9797979797979798,0.020202020202020204,0.9925373134328358
openai,openai_gpt_5_4_mini,p_structured_roles_v1,600,0.9816666666666667,0.875,0.9766666666666667,0.9747474747474747,0.025252525252525252,0.9776119402985075
openai,openai_gpt_5_4_mini,p_structured_roles_v2_abstention,600,0.99,0.9133333333333333,0.985,0.9747474747474747,0.025252525252525252,0.9900497512437811
